playerId,TotalWins (Overall),TotalLosses (Overall),TotalMatches (Overall),WinRate (Overall)
143600,1,0,1,100.0
131472,1,0,1,100.0
135288,1,0,1,100.0
200382,1,0,1,100.0
137427,1,0,1,100.0
145484,1,0,1,100.0
111964,1,0,1,100.0
131791,1,0,1,100.0
131163,167,16,183,91.26
121558,141,22,163,86.5
114947,12,2,14,85.71
121404,79,14,93,84.95
210318,5,1,6,83.33
144877,5,1,6,83.33
133000,65,13,78,83.33
137458,5,1,6,83.33
119529,48,10,58,82.76
121411,126,27,153,82.35
115439,28,6,34,82.35
145264,9,2,11,81.82
112019,81,19,100,81.0
105472,8,2,10,80.0
116846,8,2,10,80.0
133251,8,2,10,80.0
136808,8,2,10,80.0
135086,4,1,5,80.0
144870,4,1,5,80.0
206221,4,1,5,80.0
122387,4,1,5,80.0
146262,4,1,5,80.0
123560,4,1,5,80.0
134240,4,1,5,80.0
137073,4,1,5,80.0
120233,4,1,5,80.0
131140,8,2,10,80.0
136440,8,2,10,80.0
200558,4,1,5,80.0
132096,12,3,15,80.0
123848,49,13,62,79.03
133405,101,28,129,78.29
137237,126,35,161,78.26
131231,25,7,32,78.12
124110,127,36,163,77.91
220446,7,2,9,77.78
144861,7,2,9,77.78
119588,107,31,138,77.54
144633,24,7,31,77.42
109480,10,3,13,76.92
117332,40,12,52,76.92
123847,10,3,13,76.92
105649,62,19,81,76.54
213286,16,5,21,76.19
121403,115,36,151,76.16
123120,83,26,109,76.15
115641,149,47,196,76.02
132132,91,29,120,75.83
135179,28,9,37,75.68
122261,65,21,86,75.58
123112,37,12,49,75.51
137574,6,2,8,75.0
120557,3,1,4,75.0
209954,3,1,4,75.0
101514,3,1,4,75.0
221708,3,1,4,75.0
202405,3,1,4,75.0
137800,3,1,4,75.0
101877,3,1,4,75.0
222184,3,1,4,75.0
134903,3,1,4,75.0
123221,3,1,4,75.0
131371,6,2,8,75.0
100302,6,2,8,75.0
200839,3,1,4,75.0
204138,6,2,8,75.0
203068,3,1,4,75.0
135371,3,1,4,75.0
202723,3,1,4,75.0
132870,3,1,4,75.0
206049,3,1,4,75.0
133739,3,1,4,75.0
114976,3,1,4,75.0
122197,3,1,4,75.0
210321,3,1,4,75.0
135074,3,1,4,75.0
114158,3,1,4,75.0
117797,9,3,12,75.0
135841,3,1,4,75.0
112073,3,1,4,75.0
119382,3,1,4,75.0
202414,3,1,4,75.0
209021,12,4,16,75.0
222052,9,3,12,75.0
134848,3,1,4,75.0
122337,3,1,4,75.0
136711,145,49,194,74.74
121408,44,15,59,74.58
133901,23,8,31,74.19
123672,126,44,170,74.12
135049,93,33,126,73.81
123962,39,14,53,73.58
135977,116,42,158,73.42
115559,11,4,15,73.33
133528,11,4,15,73.33
111628,11,4,15,73.33
204288,19,7,26,73.08
117821,105,39,144,72.92
133707,8,3,11,72.73
209007,8,3,11,72.73
119542,48,18,66,72.73
136309,48,18,66,72.73
119730,61,23,84,72.62
117345,39,15,54,72.22
134583,39,15,54,72.22
119850,18,7,25,72.0
123980,128,51,179,71.51
145035,5,2,7,71.43
132994,5,2,7,71.43
136564,5,2,7,71.43
105482,5,2,7,71.43
205891,5,2,7,71.43
133529,50,20,70,71.43
120108,5,2,7,71.43
136539,50,20,70,71.43
135935,60,24,84,71.43
135941,5,2,7,71.43
114856,10,4,14,71.43
119533,79,32,111,71.17
136543,22,9,31,70.97
124576,12,5,17,70.59
135370,26,11,37,70.27
123114,7,3,10,70.0
115063,7,3,10,70.0
209955,7,3,10,70.0
136587,7,3,10,70.0
133695,14,6,20,70.0
131413,34,15,49,69.39
122320,34,15,49,69.39
137465,52,23,75,69.33
108581,9,4,13,69.23
118886,9,4,13,69.23
202746,9,4,13,69.23
133813,47,21,68,69.12
115910,80,36,116,68.97
134295,11,5,16,68.75
100079,11,5,16,68.75
122044,96,44,140,68.57
133894,52,24,76,68.42
200908,45,21,66,68.18
119797,77,36,113,68.14
113472,17,8,25,68.0
202064,17,8,25,68.0
134790,53,25,78,67.95
135050,74,35,109,67.89
106050,61,29,90,67.78
121582,103,49,152,67.76
136101,35,17,52,67.31
135922,39,19,58,67.24
144628,45,22,67,67.16
117113,55,27,82,67.07
123977,114,56,170,67.06
135888,79,39,118,66.95
133671,14,7,21,66.67
222625,2,1,3,66.67
110411,2,1,3,66.67
209663,2,1,3,66.67
112016,2,1,3,66.67
135893,12,6,18,66.67
203619,2,1,3,66.67
137434,2,1,3,66.67
144827,2,1,3,66.67
143605,2,1,3,66.67
131779,2,1,3,66.67
210320,2,1,3,66.67
135623,2,1,3,66.67
113782,2,1,3,66.67
124591,82,41,123,66.67
123931,14,7,21,66.67
135627,16,8,24,66.67
120154,8,4,12,66.67
137528,2,1,3,66.67
132554,2,1,3,66.67
209464,2,1,3,66.67
106600,2,1,3,66.67
137577,2,1,3,66.67
117330,2,1,3,66.67
145671,2,1,3,66.67
200632,2,1,3,66.67
204799,2,1,3,66.67
135839,2,1,3,66.67
146141,2,1,3,66.67
211760,2,1,3,66.67
211656,2,1,3,66.67
211738,2,1,3,66.67
146050,2,1,3,66.67
132800,2,1,3,66.67
145694,2,1,3,66.67
143934,2,1,3,66.67
90051,2,1,3,66.67
110367,2,1,3,66.67
202443,2,1,3,66.67
135920,2,1,3,66.67
119069,2,1,3,66.67
135900,2,1,3,66.67
221420,2,1,3,66.67
202361,2,1,3,66.67
222011,2,1,3,66.67
120791,2,1,3,66.67
136607,2,1,3,66.67
144529,2,1,3,66.67
146231,2,1,3,66.67
137298,2,1,3,66.67
146294,2,1,3,66.67
203078,2,1,3,66.67
112950,2,1,3,66.67
146060,2,1,3,66.67
113893,2,1,3,66.67
119273,2,1,3,66.67
135923,32,16,48,66.67
208351,8,4,12,66.67
119813,6,3,9,66.67
135701,6,3,9,66.67
117822,6,3,9,66.67
134316,6,3,9,66.67
136403,42,21,63,66.67
202981,8,4,12,66.67
133475,8,4,12,66.67
211410,4,2,6,66.67
202971,4,2,6,66.67
117954,4,2,6,66.67
110730,4,2,6,66.67
202982,4,2,6,66.67
136406,4,2,6,66.67
116818,34,17,51,66.67
132886,4,2,6,66.67
134982,4,2,6,66.67
114123,4,2,6,66.67
107156,4,2,6,66.67
145033,4,2,6,66.67
111772,4,2,6,66.67
110267,4,2,6,66.67
202869,4,2,6,66.67
136044,4,2,6,66.67
131148,55,28,83,66.27
123113,43,22,65,66.15
135919,52,27,79,65.82
136757,50,26,76,65.79
119794,23,12,35,65.71
202747,21,11,32,65.62
137733,38,20,58,65.52
133893,53,28,81,65.43
117820,70,37,107,65.42
121706,17,9,26,65.38
134085,17,9,26,65.38
200907,47,25,72,65.28
114715,95,51,146,65.07
116820,59,32,91,64.84
119284,68,37,105,64.76
123971,90,49,139,64.75
202561,20,11,31,64.52
136377,20,11,31,64.52
135674,20,11,31,64.52
135391,29,16,45,64.44
145304,9,5,14,64.29
132366,9,5,14,64.29
123128,9,5,14,64.29
135894,9,5,14,64.29
101040,9,5,14,64.29
112368,68,38,106,64.15
131375,73,41,114,64.04
107028,80,45,125,64.0
135887,32,18,50,64.0
136613,23,13,36,63.89
131036,67,38,105,63.81
135996,72,41,113,63.72
136653,7,4,11,63.64
132632,28,16,44,63.64
145267,19,11,30,63.33
119749,31,18,49,63.27
136712,31,18,49,63.27
131722,17,10,27,62.96
135745,39,23,62,62.9
203067,22,13,35,62.86
132137,27,16,43,62.79
133848,57,34,91,62.64
113336,5,3,8,62.5
133808,5,3,8,62.5
221705,5,3,8,62.5
121179,5,3,8,62.5
145759,5,3,8,62.5
133661,5,3,8,62.5
122046,15,9,24,62.5
119746,5,3,8,62.5
104257,5,3,8,62.5
134239,33,20,53,62.26
114410,36,22,58,62.07
121412,54,33,87,62.07
137734,13,8,21,61.9
200044,21,13,34,61.76
109272,8,5,13,61.54
144528,24,15,39,61.54
144488,8,5,13,61.54
116675,8,5,13,61.54
112599,8,5,13,61.54
123282,8,5,13,61.54
137238,38,24,62,61.29
134442,79,50,129,61.24
115621,11,7,18,61.11
144705,22,14,36,61.11
101222,22,14,36,61.11
137242,22,14,36,61.11
114936,72,46,118,61.02
134380,25,16,41,60.98
132992,70,45,115,60.87
131559,14,9,23,60.87
136536,14,9,23,60.87
112446,14,9,23,60.87
122052,70,45,115,60.87
201466,28,18,46,60.87
136987,45,29,74,60.81
110752,23,15,38,60.53
133694,79,52,131,60.31
131412,15,10,25,60.0
119532,12,8,20,60.0
133835,12,8,20,60.0
131466,3,2,5,60.0
120850,63,42,105,60.0
112075,3,2,5,60.0
134268,3,2,5,60.0
118856,3,2,5,60.0
100154,3,2,5,60.0
203041,3,2,5,60.0
111033,3,2,5,60.0
144712,3,2,5,60.0
145615,3,2,5,60.0
200209,3,2,5,60.0
114865,3,2,5,60.0
145804,3,2,5,60.0
133347,42,28,70,60.0
202748,6,4,10,60.0
118983,3,2,5,60.0
131790,3,2,5,60.0
206575,3,2,5,60.0
134906,3,2,5,60.0
212495,3,2,5,60.0
211037,6,4,10,60.0
137006,3,2,5,60.0
206219,3,2,5,60.0
118683,3,2,5,60.0
200075,3,2,5,60.0
136657,3,2,5,60.0
221517,3,2,5,60.0
145027,3,2,5,60.0
201872,3,2,5,60.0
124027,3,2,5,60.0
123305,51,34,85,60.0
121591,12,8,20,60.0
116530,24,16,40,60.0
110673,51,34,85,60.0
131429,3,2,5,60.0
136571,3,2,5,60.0
145544,12,8,20,60.0
102832,76,51,127,59.84
116620,98,66,164,59.76
118927,89,60,149,59.73
116853,77,52,129,59.69
123972,25,17,42,59.52
113676,19,13,32,59.38
116641,16,11,27,59.26
135073,13,9,22,59.09
122002,65,45,110,59.09
200413,66,46,112,58.93
117003,40,28,68,58.82
112868,60,42,102,58.82
121514,102,72,174,58.62
132892,17,12,29,58.62
134246,24,17,41,58.54
132171,7,5,12,58.33
203472,7,5,12,58.33
145743,7,5,12,58.33
122193,7,5,12,58.33
109946,70,50,120,58.33
132696,14,10,24,58.33
134317,25,18,43,58.14
103107,25,18,43,58.14
121031,36,26,62,58.06
116160,18,13,31,58.06
122777,62,45,107,57.94
124165,44,32,76,57.89
108955,11,8,19,57.89
110797,77,56,133,57.89
106788,11,8,19,57.89
115029,70,51,121,57.85
135886,15,11,26,57.69
123300,75,56,131,57.25
106995,8,6,14,57.14
122716,12,9,21,57.14
135373,16,12,28,57.14
105111,8,6,14,57.14
144862,24,18,42,57.14
135076,8,6,14,57.14
135019,32,24,56,57.14
117350,4,3,7,57.14
108289,4,3,7,57.14
145454,4,3,7,57.14
120845,40,30,70,57.14
137731,12,9,21,57.14
133033,4,3,7,57.14
121577,4,3,7,57.14
124049,4,3,7,57.14
136399,4,3,7,57.14
144490,4,3,7,57.14
137193,20,15,35,57.14
111066,66,50,116,56.9
113711,21,16,37,56.76
110726,51,39,90,56.67
135091,13,10,23,56.52
107321,48,37,85,56.47
106706,49,38,87,56.32
117357,63,49,112,56.25
133367,9,7,16,56.25
133827,18,14,32,56.25
112074,55,43,98,56.12
122727,60,47,107,56.07
131401,51,40,91,56.04
112062,80,63,143,55.94
115009,76,60,136,55.88
112092,77,61,138,55.8
137627,54,43,97,55.67
112409,59,47,106,55.66
115396,69,55,124,55.65
111881,5,4,9,55.56
206252,10,8,18,55.56
121883,5,4,9,55.56
136424,5,4,9,55.56
124162,65,52,117,55.56
116612,50,40,90,55.56
133758,10,8,18,55.56
114848,71,57,128,55.47
123019,26,21,47,55.32
122718,74,60,134,55.22
102486,32,26,58,55.17
117890,59,48,107,55.14
132701,22,18,40,55.0
121693,22,18,40,55.0
119676,11,9,20,55.0
117463,66,54,120,55.0
132715,28,23,51,54.9
104760,28,23,51,54.9
101648,23,19,42,54.76
135367,52,43,95,54.74
119565,64,53,117,54.7
124584,35,29,64,54.69
113944,35,29,64,54.69
116021,41,34,75,54.67
133867,41,34,75,54.67
117002,47,39,86,54.65
120857,36,30,66,54.55
118685,6,5,11,54.55
119089,30,25,55,54.55
133342,6,5,11,54.55
131465,6,5,11,54.55
114247,18,15,33,54.55
135981,6,5,11,54.55
132389,6,5,11,54.55
123976,12,10,22,54.55
121884,6,5,11,54.55
120872,6,5,11,54.55
108742,12,10,22,54.55
112580,6,5,11,54.55
118762,37,31,68,54.41
120287,37,31,68,54.41
122428,57,48,105,54.29
101820,58,49,107,54.21
100696,60,51,111,54.05
119022,27,23,50,54.0
106814,55,47,102,53.92
104379,62,53,115,53.91
136984,7,6,13,53.85
114706,42,36,78,53.85
131480,42,36,78,53.85
123519,28,24,52,53.85
131879,63,54,117,53.85
113931,28,24,52,53.85
135362,7,6,13,53.85
143586,14,12,26,53.85
118851,51,44,95,53.68
123682,73,63,136,53.68
132172,22,19,41,53.66
123293,67,58,125,53.6
201032,15,13,28,53.57
104036,55,48,103,53.4
102712,8,7,15,53.33
118777,64,56,120,53.33
201160,8,7,15,53.33
144473,8,7,15,53.33
116532,64,56,120,53.33
124156,8,7,15,53.33
111012,65,57,122,53.28
131342,65,57,122,53.28
133652,33,29,62,53.23
108470,51,45,96,53.12
116152,43,38,81,53.09
120972,52,46,98,53.06
113701,35,31,66,53.03
121074,44,39,83,53.01
135501,44,39,83,53.01
132824,63,56,119,52.94
121722,9,8,17,52.94
135021,9,8,17,52.94
133633,9,8,17,52.94
131966,9,8,17,52.94
111641,73,65,138,52.9
120224,46,41,87,52.87
203618,10,9,19,52.63
131395,50,45,95,52.63
115789,10,9,19,52.63
120074,51,46,97,52.58
103126,63,57,120,52.5
118994,53,48,101,52.48
135493,32,29,61,52.46
122001,22,20,42,52.38
123659,55,50,105,52.38
105159,34,31,65,52.31
112221,58,53,111,52.25
119285,64,59,123,52.03
116213,14,13,27,51.85
112035,28,26,54,51.85
114726,45,42,87,51.72
117373,15,14,29,51.72
111849,50,47,97,51.55
124572,51,48,99,51.52
132022,52,49,101,51.49
105779,54,51,105,51.43
120698,18,17,35,51.43
113300,56,53,109,51.38
133814,75,71,146,51.37
121623,59,56,115,51.3
102863,40,38,78,51.28
115454,62,59,121,51.24
131100,63,60,123,51.22
120267,21,20,41,51.22
117865,21,20,41,51.22
107445,63,60,123,51.22
103345,42,40,82,51.22
134169,23,22,45,51.11
121869,26,25,51,50.98
119092,26,25,51,50.98
115546,53,51,104,50.96
123505,57,55,112,50.89
131671,31,30,61,50.82
135023,32,31,63,50.79
106296,38,37,75,50.67
131484,42,41,83,50.6
133593,42,41,83,50.6
111656,51,50,101,50.5
137894,53,52,105,50.48
111050,64,63,127,50.39
113235,3,3,6,50.0
105604,3,3,6,50.0
137713,3,3,6,50.0
135092,2,2,4,50.0
131477,3,3,6,50.0
105603,2,2,4,50.0
131249,3,3,6,50.0
131141,6,6,12,50.0
205717,3,3,6,50.0
137300,3,3,6,50.0
103903,46,46,92,50.0
145043,3,3,6,50.0
136137,6,6,12,50.0
131744,3,3,6,50.0
112451,3,3,6,50.0
119694,6,6,12,50.0
114143,3,3,6,50.0
134798,3,3,6,50.0
145172,3,3,6,50.0
136521,3,3,6,50.0
133953,4,4,8,50.0
101545,4,4,8,50.0
119537,43,43,86,50.0
200748,1,1,2,50.0
132875,2,2,4,50.0
101276,2,2,4,50.0
204509,2,2,4,50.0
115019,2,2,4,50.0
131788,2,2,4,50.0
113473,2,2,4,50.0
136710,2,2,4,50.0
200182,2,2,4,50.0
137314,1,1,2,50.0
209002,2,2,4,50.0
132026,4,4,8,50.0
121250,6,6,12,50.0
202868,2,2,4,50.0
108824,2,2,4,50.0
202862,2,2,4,50.0
137055,3,3,6,50.0
136947,1,1,2,50.0
204051,1,1,2,50.0
120979,1,1,2,50.0
120790,1,1,2,50.0
121565,6,6,12,50.0
135954,6,6,12,50.0
115357,1,1,2,50.0
133650,1,1,2,50.0
105109,1,1,2,50.0
124064,1,1,2,50.0
200362,1,1,2,50.0
115438,1,1,2,50.0
133406,2,2,4,50.0
122586,5,5,10,50.0
112121,5,5,10,50.0
145391,2,2,4,50.0
122688,2,2,4,50.0
136908,2,2,4,50.0
100089,2,2,4,50.0
119546,4,4,8,50.0
110837,4,4,8,50.0
116702,2,2,4,50.0
137003,4,4,8,50.0
119020,2,2,4,50.0
121278,2,2,4,50.0
211031,2,2,4,50.0
108875,2,2,4,50.0
137007,4,4,8,50.0
110190,2,2,4,50.0
210319,2,2,4,50.0
134910,2,2,4,50.0
135948,2,2,4,50.0
134904,2,2,4,50.0
144271,2,2,4,50.0
120777,2,2,4,50.0
206050,2,2,4,50.0
202970,5,5,10,50.0
131784,5,5,10,50.0
200225,2,2,4,50.0
144522,2,2,4,50.0
133717,2,2,4,50.0
135991,2,2,4,50.0
146227,2,2,4,50.0
132351,2,2,4,50.0
201874,2,2,4,50.0
114027,2,2,4,50.0
113392,2,2,4,50.0
120719,2,2,4,50.0
206562,2,2,4,50.0
203308,4,4,8,50.0
210239,2,2,4,50.0
203471,2,2,4,50.0
116748,3,3,6,50.0
132104,2,2,4,50.0
135393,2,2,4,50.0
118888,2,2,4,50.0
135660,5,5,10,50.0
131128,6,6,12,50.0
134012,3,3,6,50.0
115068,2,2,4,50.0
120795,2,2,4,50.0
108958,2,2,4,50.0
106897,2,2,4,50.0
133123,5,5,10,50.0
100817,5,5,10,50.0
121546,2,2,4,50.0
132804,2,2,4,50.0
134571,2,2,4,50.0
133899,2,2,4,50.0
132781,2,2,4,50.0
145641,2,2,4,50.0
114355,4,4,8,50.0
137012,4,4,8,50.0
137011,2,2,4,50.0
114614,2,2,4,50.0
123151,2,2,4,50.0
210877,2,2,4,50.0
131066,2,2,4,50.0
203588,1,1,2,50.0
144508,1,1,2,50.0
133289,1,1,2,50.0
133479,1,1,2,50.0
136007,1,1,2,50.0
122066,1,1,2,50.0
115379,13,13,26,50.0
133399,1,1,2,50.0
112321,1,1,2,50.0
114100,1,1,2,50.0
208431,1,1,2,50.0
134875,1,1,2,50.0
204951,1,1,2,50.0
145169,1,1,2,50.0
133594,1,1,2,50.0
213377,1,1,2,50.0
135513,1,1,2,50.0
201364,1,1,2,50.0
207860,1,1,2,50.0
200301,1,1,2,50.0
131068,1,1,2,50.0
108425,1,1,2,50.0
133693,1,1,2,50.0
120715,1,1,2,50.0
203208,1,1,2,50.0
137251,1,1,2,50.0
220568,1,1,2,50.0
200661,1,1,2,50.0
209633,1,1,2,50.0
103230,1,1,2,50.0
200650,1,1,2,50.0
115827,1,1,2,50.0
134612,1,1,2,50.0
135207,1,1,2,50.0
131248,1,1,2,50.0
144661,1,1,2,50.0
137036,1,1,2,50.0
131676,1,1,2,50.0
135971,1,1,2,50.0
104892,1,1,2,50.0
121440,1,1,2,50.0
121445,1,1,2,50.0
123435,1,1,2,50.0
203752,1,1,2,50.0
135848,1,1,2,50.0
136214,1,1,2,50.0
121123,1,1,2,50.0
135865,1,1,2,50.0
117367,1,1,2,50.0
134364,1,1,2,50.0
116873,13,13,26,50.0
203760,1,1,2,50.0
124028,1,1,2,50.0
201478,1,1,2,50.0
222235,1,1,2,50.0
134509,1,1,2,50.0
201947,1,1,2,50.0
121226,1,1,2,50.0
121178,1,1,2,50.0
200583,1,1,2,50.0
133506,1,1,2,50.0
111210,1,1,2,50.0
137294,1,1,2,50.0
121103,1,1,2,50.0
200643,1,1,2,50.0
208118,1,1,2,50.0
111286,1,1,2,50.0
213478,1,1,2,50.0
220491,1,1,2,50.0
136450,1,1,2,50.0
102827,1,1,2,50.0
145950,1,1,2,50.0
145739,3,3,6,50.0
145634,3,3,6,50.0
106868,3,3,6,50.0
201368,3,3,6,50.0
200159,4,4,8,50.0
145902,3,3,6,50.0
123057,3,3,6,50.0
119476,3,3,6,50.0
122849,1,1,2,50.0
123225,1,1,2,50.0
131909,1,1,2,50.0
202520,1,1,2,50.0
134953,1,1,2,50.0
200291,1,1,2,50.0
146235,1,1,2,50.0
206222,1,1,2,50.0
204289,1,1,2,50.0
206218,1,1,2,50.0
200331,1,1,2,50.0
146173,1,1,2,50.0
202032,1,1,2,50.0
131694,1,1,2,50.0
221908,1,1,2,50.0
137102,1,1,2,50.0
106195,1,1,2,50.0
133542,1,1,2,50.0
123139,1,1,2,50.0
134463,1,1,2,50.0
209805,1,1,2,50.0
220434,1,1,2,50.0
123639,1,1,2,50.0
143604,1,1,2,50.0
202070,1,1,2,50.0
206051,1,1,2,50.0
116321,1,1,2,50.0
145799,16,16,32,50.0
135879,1,1,2,50.0
122195,3,3,6,50.0
145294,1,1,2,50.0
200312,1,1,2,50.0
100218,1,1,2,50.0
103047,1,1,2,50.0
119658,1,1,2,50.0
136779,1,1,2,50.0
121688,27,27,54,50.0
107525,27,27,54,50.0
133592,1,1,2,50.0
118101,1,1,2,50.0
110729,8,8,16,50.0
211761,1,1,2,50.0
134108,1,1,2,50.0
144823,1,1,2,50.0
200390,1,1,2,50.0
119873,1,1,2,50.0
123028,8,8,16,50.0
146225,8,8,16,50.0
118009,1,1,2,50.0
137665,1,1,2,50.0
204845,1,1,2,50.0
123215,1,1,2,50.0
144738,1,1,2,50.0
135987,1,1,2,50.0
133709,1,1,2,50.0
136346,1,1,2,50.0
111887,6,6,12,50.0
133676,2,2,4,50.0
202373,2,2,4,50.0
115141,2,2,4,50.0
202679,2,2,4,50.0
203958,2,2,4,50.0
201406,1,1,2,50.0
107456,7,7,14,50.0
146284,7,7,14,50.0
136202,7,7,14,50.0
200095,7,7,14,50.0
137893,1,1,2,50.0
124309,1,1,2,50.0
137316,1,1,2,50.0
145047,1,1,2,50.0
134483,1,1,2,50.0
202038,1,1,2,50.0
135103,1,1,2,50.0
203021,1,1,2,50.0
201454,1,1,2,50.0
116717,1,1,2,50.0
131996,1,1,2,50.0
120851,1,1,2,50.0
136361,1,1,2,50.0
117027,7,7,14,50.0
133396,7,7,14,50.0
133361,1,1,2,50.0
112427,1,1,2,50.0
211742,1,1,2,50.0
110227,1,1,2,50.0
136056,10,10,20,50.0
134011,24,24,48,50.0
135516,1,1,2,50.0
134874,1,1,2,50.0
134665,1,1,2,50.0
137041,1,1,2,50.0
131434,1,1,2,50.0
201911,1,1,2,50.0
107434,1,1,2,50.0
211660,1,1,2,50.0
117907,1,1,2,50.0
211751,1,1,2,50.0
206909,1,1,2,50.0
211762,1,1,2,50.0
200660,1,1,2,50.0
205157,1,1,2,50.0
211653,1,1,2,50.0
211709,1,1,2,50.0
205159,1,1,2,50.0
203852,1,1,2,50.0
202639,1,1,2,50.0
111960,1,1,2,50.0
202643,1,1,2,50.0
203851,1,1,2,50.0
137409,10,10,20,50.0
210212,1,1,2,50.0
122333,1,1,2,50.0
113557,1,1,2,50.0
133304,1,1,2,50.0
146068,1,1,2,50.0
145875,1,1,2,50.0
136755,9,9,18,50.0
145122,1,1,2,50.0
145872,1,1,2,50.0
146047,1,1,2,50.0
108825,1,1,2,50.0
135353,1,1,2,50.0
114516,1,1,2,50.0
103075,1,1,2,50.0
123168,1,1,2,50.0
145828,1,1,2,50.0
135572,1,1,2,50.0
114521,1,1,2,50.0
120899,1,1,2,50.0
135972,1,1,2,50.0
116697,1,1,2,50.0
131845,9,9,18,50.0
104514,9,9,18,50.0
125492,1,1,2,50.0
103329,1,1,2,50.0
111113,1,1,2,50.0
209139,1,1,2,50.0
133742,1,1,2,50.0
116874,54,55,109,49.54
133455,50,51,101,49.5
123680,45,46,91,49.45
133713,45,46,91,49.45
123690,44,45,89,49.44
132756,43,44,87,49.43
104314,33,34,67,49.25
102761,32,33,65,49.23
121042,31,32,63,49.21
134800,28,29,57,49.12
118507,51,53,104,49.04
134693,24,25,49,48.98
121690,46,48,94,48.94
136116,21,22,43,48.84
115413,59,62,121,48.76
107477,39,41,80,48.75
135924,19,20,39,48.72
119585,19,20,39,48.72
133627,19,20,39,48.72
115449,54,57,111,48.65
116680,51,54,105,48.57
114709,33,35,68,48.53
120112,16,17,33,48.48
104092,32,34,66,48.48
114905,47,50,97,48.45
119316,31,33,64,48.44
102380,30,32,62,48.39
132724,15,16,31,48.39
132318,44,47,91,48.35
131335,44,47,91,48.35
116674,29,31,60,48.33
103752,57,61,118,48.31
115100,14,15,29,48.28
137037,14,15,29,48.28
112442,41,44,85,48.24
100621,54,58,112,48.21
131211,39,42,81,48.15
136567,26,28,54,48.15
132702,13,14,27,48.15
134625,26,28,54,48.15
137850,38,41,79,48.1
123550,50,54,104,48.08
111072,49,53,102,48.04
108843,24,26,50,48.0
134489,12,13,25,48.0
133945,12,13,25,48.0
102891,47,51,98,47.96
122982,22,24,46,47.83
101192,32,35,67,47.76
136170,10,11,21,47.62
102445,10,11,21,47.62
121684,40,44,84,47.62
114127,10,11,21,47.62
135394,19,21,40,47.5
131723,28,31,59,47.46
201238,9,10,19,47.37
122225,9,10,19,47.37
105197,44,49,93,47.31
114860,26,29,55,47.27
134590,17,19,36,47.22
119877,17,19,36,47.22
117365,33,37,70,47.14
112735,41,46,87,47.13
120750,8,9,17,47.06
131383,16,18,34,47.06
102949,16,18,34,47.06
134718,30,34,64,46.88
117336,15,17,32,46.88
115920,57,65,122,46.72
105913,42,48,90,46.67
131586,7,8,15,46.67
114717,21,24,45,46.67
114105,41,47,88,46.59
111833,41,47,88,46.59
100439,20,23,43,46.51
123938,13,15,28,46.43
114718,32,37,69,46.38
110602,32,37,69,46.38
202408,6,7,13,46.15
133042,24,28,52,46.15
108204,6,7,13,46.15
133341,6,7,13,46.15
124192,6,7,13,46.15
132820,6,7,13,46.15
135698,12,14,26,46.15
106660,6,7,13,46.15
122086,18,21,39,46.15
123514,6,7,13,46.15
117862,12,14,26,46.15
115939,17,20,37,45.95
120285,28,33,61,45.9
122078,11,13,24,45.83
122095,27,32,59,45.76
117009,21,25,46,45.65
122607,5,6,11,45.45
104359,5,6,11,45.45
200664,5,6,11,45.45
133441,20,24,44,45.45
203934,5,6,11,45.45
112866,5,6,11,45.45
122814,5,6,11,45.45
135039,19,23,42,45.24
123386,19,23,42,45.24
102841,33,40,73,45.21
112280,47,57,104,45.19
110560,28,34,62,45.16
109140,14,17,31,45.16
112944,50,61,111,45.05
107570,9,11,20,45.0
200316,9,11,20,45.0
131581,18,22,40,45.0
112620,44,54,98,44.9
107312,13,16,29,44.83
145796,4,5,9,44.44
112356,20,25,45,44.44
113165,4,5,9,44.44
113689,4,5,9,44.44
118671,8,10,18,44.44
202861,4,5,9,44.44
136409,4,5,9,44.44
113329,12,15,27,44.44
116723,16,20,36,44.44
131741,12,15,27,44.44
135022,4,5,9,44.44
113536,4,5,9,44.44
111144,4,5,9,44.44
200328,4,5,9,44.44
145550,4,5,9,44.44
134978,4,5,9,44.44
145404,4,5,9,44.44
122455,4,5,9,44.44
133337,4,5,9,44.44
123684,32,40,72,44.44
135478,8,10,18,44.44
121040,27,34,61,44.26
115402,46,58,104,44.23
133628,11,14,25,44.0
144824,11,14,25,44.0
123534,11,14,25,44.0
131086,47,60,107,43.93
132320,25,32,57,43.86
102968,32,41,73,43.84
113418,7,9,16,43.75
131924,7,9,16,43.75
121881,7,9,16,43.75
131917,28,36,64,43.75
122067,7,9,16,43.75
124042,7,9,16,43.75
131846,24,31,55,43.64
116921,17,22,39,43.59
144891,10,13,23,43.48
121041,36,47,83,43.37
121401,36,47,83,43.37
117035,19,25,44,43.18
201504,19,25,44,43.18
108226,40,53,93,43.01
123829,3,4,7,42.86
146280,3,4,7,42.86
120185,9,12,21,42.86
134345,9,12,21,42.86
122348,27,36,63,42.86
113942,3,4,7,42.86
133159,9,12,21,42.86
133004,9,12,21,42.86
119820,3,4,7,42.86
136374,3,4,7,42.86
137274,3,4,7,42.86
121588,12,16,28,42.86
133769,3,4,7,42.86
122604,3,4,7,42.86
113450,3,4,7,42.86
115565,3,4,7,42.86
113317,6,8,14,42.86
119579,3,4,7,42.86
123864,3,4,7,42.86
112642,3,4,7,42.86
132232,3,4,7,42.86
120125,33,44,77,42.86
144239,6,8,14,42.86
135498,6,8,14,42.86
111213,23,31,54,42.59
118893,25,34,59,42.37
119042,11,15,26,42.31
120725,11,15,26,42.31
133340,33,45,78,42.31
115543,44,60,104,42.31
123894,27,37,64,42.19
135575,8,11,19,42.11
113679,32,44,76,42.11
120294,34,47,81,41.98
117312,34,47,81,41.98
131171,13,18,31,41.94
132312,13,18,31,41.94
134369,18,25,43,41.86
115545,23,32,55,41.82
113681,28,39,67,41.79
134888,10,14,24,41.67
119266,10,14,24,41.67
113563,15,21,36,41.67
117499,5,7,12,41.67
115104,5,7,12,41.67
203029,5,7,12,41.67
110686,5,7,12,41.67
137863,5,7,12,41.67
123535,15,21,36,41.67
134318,12,17,29,41.38
115850,12,17,29,41.38
117530,7,10,17,41.18
114457,7,10,17,41.18
106843,7,10,17,41.18
135678,7,10,17,41.18
124527,7,10,17,41.18
120187,39,56,95,41.05
109453,29,42,71,40.85
131176,20,29,49,40.82
118920,20,29,49,40.82
114897,11,16,27,40.74
131912,33,48,81,40.74
137569,15,22,37,40.54
105136,15,22,37,40.54
115000,34,50,84,40.48
120300,17,25,42,40.48
117006,21,31,52,40.38
131798,21,31,52,40.38
132325,23,34,57,40.35
109581,8,12,20,40.0
120674,10,15,25,40.0
132808,2,3,5,40.0
111115,22,33,55,40.0
134395,10,15,25,40.0
135499,2,3,5,40.0
133117,2,3,5,40.0
144960,2,3,5,40.0
200040,2,3,5,40.0
200599,4,6,10,40.0
136574,6,9,15,40.0
135163,2,3,5,40.0
100868,46,69,115,40.0
115866,4,6,10,40.0
133596,4,6,10,40.0
136756,4,6,10,40.0
134814,4,6,10,40.0
122053,2,3,5,40.0
211408,2,3,5,40.0
111346,4,6,10,40.0
143942,2,3,5,40.0
209074,2,3,5,40.0
134933,2,3,5,40.0
136501,2,3,5,40.0
123017,2,3,5,40.0
146212,2,3,5,40.0
134398,16,24,40,40.0
201438,2,3,5,40.0
134606,2,3,5,40.0
131834,4,6,10,40.0
117298,2,3,5,40.0
200606,2,3,5,40.0
135625,2,3,5,40.0
114973,6,9,15,40.0
134868,4,6,10,40.0
136473,6,9,15,40.0
205259,2,3,5,40.0
123121,2,3,5,40.0
134877,2,3,5,40.0
118889,4,6,10,40.0
114776,2,3,5,40.0
119463,4,6,10,40.0
132907,6,9,15,40.0
123456,2,3,5,40.0
203313,2,3,5,40.0
201909,2,3,5,40.0
117340,4,6,10,40.0
201171,2,3,5,40.0
136417,2,3,5,40.0
133035,8,12,20,40.0
115430,26,39,65,40.0
122051,29,44,73,39.73
121714,50,76,126,39.68
113587,13,20,33,39.39
123478,11,17,28,39.29
111683,20,31,51,39.22
112453,34,53,87,39.08
133439,7,11,18,38.89
134805,7,11,18,38.89
108574,14,22,36,38.89
106151,26,41,67,38.81
122064,29,46,75,38.67
121222,17,27,44,38.64
132793,17,27,44,38.64
113419,22,35,57,38.6
133328,5,8,13,38.46
136687,5,8,13,38.46
111871,5,8,13,38.46
117894,5,8,13,38.46
122660,5,8,13,38.46
131932,8,13,21,38.1
122419,8,13,21,38.1
119945,8,13,21,38.1
109002,39,64,103,37.86
123664,14,23,37,37.84
122988,20,33,53,37.74
136491,3,5,8,37.5
122503,3,5,8,37.5
107335,3,5,8,37.5
132809,3,5,8,37.5
118774,15,25,40,37.5
115039,6,10,16,37.5
111959,15,25,40,37.5
131478,3,5,8,37.5
122029,3,5,8,37.5
134130,3,5,8,37.5
133659,3,5,8,37.5
120051,3,5,8,37.5
145805,3,5,8,37.5
136180,15,25,40,37.5
124147,15,25,40,37.5
132144,21,35,56,37.5
143785,3,5,8,37.5
134867,3,5,8,37.5
116798,18,30,48,37.5
131983,6,10,16,37.5
107272,6,10,16,37.5
101836,3,5,8,37.5
121940,16,27,43,37.21
134803,10,17,27,37.04
102213,10,17,27,37.04
100486,10,17,27,37.04
132987,7,12,19,36.84
110995,36,62,98,36.73
120168,15,26,41,36.59
117891,15,26,41,36.59
111416,38,66,104,36.54
145277,4,7,11,36.36
200210,8,14,22,36.36
131818,4,7,11,36.36
112284,4,7,11,36.36
136005,4,7,11,36.36
131406,4,7,11,36.36
106298,4,7,11,36.36
112619,4,7,11,36.36
117368,4,7,11,36.36
123175,4,7,11,36.36
123192,26,46,72,36.11
120726,18,32,50,36.0
119545,5,9,14,35.71
131914,5,9,14,35.71
120052,5,9,14,35.71
120896,5,9,14,35.71
132978,15,27,42,35.71
133736,15,27,42,35.71
124639,11,20,31,35.48
134656,11,20,31,35.48
117604,6,11,17,35.29
136474,6,11,17,35.29
133415,6,11,17,35.29
123228,24,44,68,35.29
121416,14,26,40,35.0
133478,15,28,43,34.88
134887,8,15,23,34.78
124506,8,15,23,34.78
132083,8,15,23,34.78
200157,9,17,26,34.62
117142,9,17,26,34.62
105679,19,36,55,34.55
119109,13,25,38,34.21
113376,13,25,38,34.21
131965,15,29,44,34.09
209660,1,2,3,33.33
144099,3,6,9,33.33
136517,1,2,3,33.33
205403,1,2,3,33.33
202342,1,2,3,33.33
133395,1,2,3,33.33
122862,1,2,3,33.33
203924,1,2,3,33.33
144098,1,2,3,33.33
145860,7,14,21,33.33
146301,3,6,9,33.33
135890,1,2,3,33.33
135770,1,2,3,33.33
137579,1,2,3,33.33
145555,1,2,3,33.33
136630,1,2,3,33.33
114704,1,2,3,33.33
137015,1,2,3,33.33
106848,1,2,3,33.33
103308,1,2,3,33.33
112125,1,2,3,33.33
202749,1,2,3,33.33
135198,1,2,3,33.33
135190,11,22,33,33.33
123149,1,2,3,33.33
136600,1,2,3,33.33
111790,1,2,3,33.33
116390,1,2,3,33.33
115722,1,2,3,33.33
202168,1,2,3,33.33
202344,1,2,3,33.33
124145,1,2,3,33.33
119261,1,2,3,33.33
113373,1,2,3,33.33
202247,1,2,3,33.33
222014,1,2,3,33.33
120284,1,2,3,33.33
134330,4,8,12,33.33
111517,3,6,9,33.33
103425,16,32,48,33.33
134528,1,2,3,33.33
137877,1,2,3,33.33
116831,9,18,27,33.33
122964,1,2,3,33.33
120929,1,2,3,33.33
133692,1,2,3,33.33
204290,1,2,3,33.33
134834,1,2,3,33.33
119625,1,2,3,33.33
103070,1,2,3,33.33
200434,1,2,3,33.33
109459,3,6,9,33.33
137114,1,2,3,33.33
200584,1,2,3,33.33
200776,1,2,3,33.33
120649,1,2,3,33.33
145473,1,2,3,33.33
133459,1,2,3,33.33
200226,3,6,9,33.33
113363,4,8,12,33.33
144654,1,2,3,33.33
200801,1,2,3,33.33
220353,1,2,3,33.33
134579,1,2,3,33.33
134170,1,2,3,33.33
117031,1,2,3,33.33
132223,4,8,12,33.33
131455,4,8,12,33.33
134950,4,8,12,33.33
208990,1,2,3,33.33
136432,1,2,3,33.33
201185,1,2,3,33.33
107707,1,2,3,33.33
110744,1,2,3,33.33
145256,1,2,3,33.33
112176,1,2,3,33.33
204619,1,2,3,33.33
134934,1,2,3,33.33
114999,4,8,12,33.33
117140,1,2,3,33.33
134167,1,2,3,33.33
122679,1,2,3,33.33
133613,1,2,3,33.33
134676,2,4,6,33.33
133334,2,4,6,33.33
137632,4,8,12,33.33
200446,4,8,12,33.33
144615,2,4,6,33.33
108956,1,2,3,33.33
221452,1,2,3,33.33
145463,1,2,3,33.33
134486,1,2,3,33.33
205800,1,2,3,33.33
113477,1,2,3,33.33
207857,1,2,3,33.33
132829,1,2,3,33.33
137626,1,2,3,33.33
137686,1,2,3,33.33
133178,1,2,3,33.33
132571,1,2,3,33.33
123707,1,2,3,33.33
121523,2,4,6,33.33
114719,1,2,3,33.33
131816,1,2,3,33.33
120158,1,2,3,33.33
131874,1,2,3,33.33
120141,1,2,3,33.33
132889,1,2,3,33.33
121735,1,2,3,33.33
200353,1,2,3,33.33
123472,1,2,3,33.33
122248,1,2,3,33.33
137154,1,2,3,33.33
136310,1,2,3,33.33
117931,5,10,15,33.33
123467,1,2,3,33.33
137726,1,2,3,33.33
123018,1,2,3,33.33
123548,1,2,3,33.33
201214,1,2,3,33.33
117613,1,2,3,33.33
114028,3,6,9,33.33
132028,4,8,12,33.33
133853,2,4,6,33.33
120281,5,10,15,33.33
145695,2,4,6,33.33
135504,2,4,6,33.33
133732,1,2,3,33.33
132203,3,6,9,33.33
131062,6,12,18,33.33
123031,12,24,36,33.33
212581,1,2,3,33.33
203933,1,2,3,33.33
137564,2,4,6,33.33
202540,1,2,3,33.33
146150,1,2,3,33.33
212898,1,2,3,33.33
134418,1,2,3,33.33
137647,5,10,15,33.33
113433,1,2,3,33.33
117294,13,26,39,33.33
117150,7,14,21,33.33
201164,2,4,6,33.33
114202,2,4,6,33.33
201120,2,4,6,33.33
135066,2,4,6,33.33
101031,2,4,6,33.33
136761,2,4,6,33.33
144866,2,4,6,33.33
137501,1,2,3,33.33
135292,1,2,3,33.33
119584,1,2,3,33.33
146226,1,2,3,33.33
113243,7,14,21,33.33
145807,6,12,18,33.33
145408,2,4,6,33.33
201896,2,4,6,33.33
203015,1,2,3,33.33
108657,3,6,9,33.33
134186,2,4,6,33.33
200317,2,4,6,33.33
121474,2,4,6,33.33
122434,2,4,6,33.33
146263,2,4,6,33.33
110286,2,4,6,33.33
136153,2,4,6,33.33
134340,4,8,12,33.33
116701,1,2,3,33.33
201972,1,2,3,33.33
134556,1,2,3,33.33
203309,1,2,3,33.33
211164,1,2,3,33.33
137009,1,2,3,33.33
137885,3,6,9,33.33
145547,2,4,6,33.33
131683,2,4,6,33.33
120742,6,12,18,33.33
105233,2,4,6,33.33
123204,6,12,18,33.33
146293,3,6,9,33.33
203536,2,4,6,33.33
122842,23,47,70,32.86
113395,21,43,64,32.81
134356,16,33,49,32.65
113914,13,27,40,32.5
135187,10,21,31,32.26
133426,9,19,28,32.14
132310,8,17,25,32.0
117455,7,15,22,31.82
136097,6,13,19,31.58
131169,6,13,19,31.58
145016,6,13,19,31.58
131446,17,37,54,31.48
114517,11,24,35,31.43
121708,10,22,32,31.25
137175,5,11,16,31.25
133026,14,31,45,31.11
121890,18,40,58,31.03
123575,16,36,52,30.77
118786,4,9,13,30.77
122151,4,9,13,30.77
200205,4,9,13,30.77
133020,8,18,26,30.77
133850,19,43,62,30.65
133113,15,34,49,30.61
121959,7,16,23,30.43
123230,10,23,33,30.3
131765,3,7,10,30.0
107194,3,7,10,30.0
123143,3,7,10,30.0
113565,3,7,10,30.0
131997,3,7,10,30.0
106114,3,7,10,30.0
112591,8,19,27,29.63
137212,8,19,27,29.63
137568,10,24,34,29.41
118028,5,12,17,29.41
131618,5,12,17,29.41
133124,9,22,31,29.03
118126,2,5,7,28.57
144892,2,5,7,28.57
136479,2,5,7,28.57
132126,2,5,7,28.57
115498,2,5,7,28.57
115548,14,35,49,28.57
131673,8,20,28,28.57
133723,2,5,7,28.57
121935,2,5,7,28.57
120318,2,5,7,28.57
131454,8,20,28,28.57
135966,2,5,7,28.57
133668,2,5,7,28.57
134557,2,5,7,28.57
114965,2,5,7,28.57
100032,2,5,7,28.57
107177,2,5,7,28.57
136495,6,15,21,28.57
200366,2,5,7,28.57
132658,2,5,7,28.57
136218,2,5,7,28.57
103175,10,25,35,28.57
113908,17,43,60,28.33
109777,16,41,57,28.07
136420,7,18,25,28.0
100001,8,21,29,27.59
143671,3,8,11,27.27
120020,3,8,11,27.27
112144,3,8,11,27.27
135993,3,8,11,27.27
122546,3,8,11,27.27
123241,3,8,11,27.27
136527,3,8,11,27.27
135383,3,8,11,27.27
200361,3,8,11,27.27
111053,9,24,33,27.27
112367,3,8,11,27.27
122425,14,38,52,26.92
115037,4,11,15,26.67
201453,5,14,19,26.32
115134,5,14,19,26.32
134849,7,20,27,25.93
118868,7,20,27,25.93
120162,15,43,58,25.86
111512,15,43,58,25.86
114716,9,26,35,25.71
135306,9,26,35,25.71
131748,12,35,47,25.53
108526,4,12,16,25.0
120167,1,3,4,25.0
107302,1,3,4,25.0
120696,3,9,12,25.0
102316,1,3,4,25.0
118702,1,3,4,25.0
106344,2,6,8,25.0
200323,4,12,16,25.0
107611,2,6,8,25.0
123166,1,3,4,25.0
123172,1,3,4,25.0
134856,1,3,4,25.0
131782,1,3,4,25.0
123720,1,3,4,25.0
124426,3,9,12,25.0
134573,3,9,12,25.0
145486,2,6,8,25.0
124328,1,3,4,25.0
131728,1,3,4,25.0
104115,1,3,4,25.0
137630,1,3,4,25.0
145811,1,3,4,25.0
146021,1,3,4,25.0
122610,2,6,8,25.0
131464,2,6,8,25.0
114960,1,3,4,25.0
136357,1,3,4,25.0
114323,2,6,8,25.0
135077,5,15,20,25.0
117013,1,3,4,25.0
119371,1,3,4,25.0
114686,1,3,4,25.0
133554,1,3,4,25.0
145455,2,6,8,25.0
121939,2,6,8,25.0
120643,1,3,4,25.0
145606,1,3,4,25.0
137856,1,3,4,25.0
205401,4,12,16,25.0
144850,2,6,8,25.0
134616,2,6,8,25.0
113309,4,12,16,25.0
133335,2,6,8,25.0
120026,1,3,4,25.0
107324,1,3,4,25.0
131756,1,3,4,25.0
145245,1,3,4,25.0
146297,1,3,4,25.0
146232,1,3,4,25.0
144751,1,3,4,25.0
202797,1,3,4,25.0
132906,1,3,4,25.0
122482,1,3,4,25.0
136520,1,3,4,25.0
132124,1,3,4,25.0
134022,1,3,4,25.0
200186,1,3,4,25.0
137137,1,3,4,25.0
110827,1,3,4,25.0
124260,1,3,4,25.0
207584,1,3,4,25.0
113878,1,3,4,25.0
133150,1,3,4,25.0
146298,1,3,4,25.0
136433,1,3,4,25.0
123189,1,3,4,25.0
137181,1,3,4,25.0
209121,1,3,4,25.0
134643,1,3,4,25.0
122800,1,3,4,25.0
121961,1,3,4,25.0
133464,1,3,4,25.0
136369,1,3,4,25.0
116477,1,3,4,25.0
206781,1,3,4,25.0
132780,8,24,32,25.0
123056,1,3,4,25.0
136545,1,3,4,25.0
200324,1,3,4,25.0
207744,1,3,4,25.0
201439,1,3,4,25.0
200320,1,3,4,25.0
135715,1,3,4,25.0
115118,8,24,32,25.0
206277,1,3,4,25.0
144822,1,3,4,25.0
207888,1,3,4,25.0
200415,1,3,4,25.0
212623,1,3,4,25.0
131040,1,3,4,25.0
200344,1,3,4,25.0
201055,1,3,4,25.0
144872,1,3,4,25.0
131150,13,41,54,24.07
122231,5,16,21,23.81
135769,5,16,21,23.81
132900,4,13,17,23.53
111216,4,13,17,23.53
145134,3,10,13,23.08
136082,3,10,13,23.08
208510,3,10,13,23.08
146091,3,10,13,23.08
121715,5,17,22,22.73
122082,2,7,9,22.22
131461,2,7,9,22.22
145597,2,7,9,22.22
100189,2,7,9,22.22
134817,2,7,9,22.22
144666,2,7,9,22.22
110674,2,7,9,22.22
121687,2,7,9,22.22
135896,2,7,9,22.22
122585,2,7,9,22.22
133074,5,18,23,21.74
131572,3,11,14,21.43
123578,3,11,14,21.43
116758,9,33,42,21.43
112261,3,11,14,21.43
123649,4,15,19,21.05
133155,1,4,5,20.0
137142,1,4,5,20.0
109952,3,12,15,20.0
133663,1,4,5,20.0
206048,1,4,5,20.0
132231,1,4,5,20.0
112361,1,4,5,20.0
135045,1,4,5,20.0
131587,4,16,20,20.0
200347,1,4,5,20.0
202164,1,4,5,20.0
136469,1,4,5,20.0
137004,1,4,5,20.0
205260,1,4,5,20.0
135529,1,4,5,20.0
132196,2,8,10,20.0
119535,2,8,10,20.0
205263,1,4,5,20.0
114081,1,4,5,20.0
133352,1,4,5,20.0
145083,1,4,5,20.0
202925,1,4,5,20.0
202812,1,4,5,20.0
131743,1,4,5,20.0
137032,1,4,5,20.0
209073,1,4,5,20.0
145421,2,8,10,20.0
134227,2,8,10,20.0
134140,2,8,10,20.0
201508,1,4,5,20.0
122307,1,4,5,20.0
133134,1,4,5,20.0
133702,1,4,5,20.0
136622,1,4,5,20.0
110768,1,4,5,20.0
122043,1,4,5,20.0
145286,1,4,5,20.0
200287,1,4,5,20.0
118072,2,8,10,20.0
118811,1,4,5,20.0
131095,1,4,5,20.0
114327,1,4,5,20.0
202989,2,8,10,20.0
109806,1,4,5,20.0
137486,1,4,5,20.0
103621,1,4,5,20.0
118722,2,8,10,20.0
200087,1,4,5,20.0
200321,1,4,5,20.0
132983,1,4,5,20.0
134575,1,4,5,20.0
135571,2,9,11,18.18
133469,2,9,11,18.18
135387,2,9,11,18.18
123666,4,18,22,18.18
135693,2,9,11,18.18
110660,3,14,17,17.65
202094,1,5,6,16.67
133463,1,5,6,16.67
135500,1,5,6,16.67
135219,1,5,6,16.67
112086,1,5,6,16.67
202166,1,5,6,16.67
121073,2,10,12,16.67
124378,1,5,6,16.67
122786,1,5,6,16.67
120292,1,5,6,16.67
136258,5,25,30,16.67
136516,1,5,6,16.67
133274,1,5,6,16.67
122153,1,5,6,16.67
134568,2,10,12,16.67
145746,1,5,6,16.67
132995,3,15,18,16.67
100445,1,5,6,16.67
200310,1,5,6,16.67
132909,1,5,6,16.67
115081,2,10,12,16.67
132216,1,5,6,16.67
112463,8,40,48,16.67
123579,5,26,31,16.13
131156,3,16,19,15.79
144667,2,11,13,15.38
135910,2,11,13,15.38
135768,2,11,13,15.38
134802,1,6,7,14.29
144748,1,6,7,14.29
209548,2,12,14,14.29
137556,1,6,7,14.29
132081,2,12,14,14.29
136166,1,6,7,14.29
137183,1,6,7,14.29
122242,1,6,7,14.29
105681,1,6,7,14.29
134755,1,6,7,14.29
116364,1,6,7,14.29
135494,1,6,7,14.29
200233,1,6,7,14.29
201124,1,6,7,14.29
200904,2,13,15,13.33
123982,2,14,16,12.5
200322,2,14,16,12.5
115802,1,7,8,12.5
111065,1,7,8,12.5
134323,1,7,8,12.5
124363,1,8,9,11.11
146276,1,8,9,11.11
121740,1,8,9,11.11
135384,1,8,9,11.11
135386,1,8,9,11.11
123935,2,19,21,9.52
123667,1,10,11,9.09
112462,1,10,11,9.09
131690,1,11,12,8.33
123198,2,24,26,7.69
121420,1,13,14,7.14
134338,1,15,16,6.25
134774,1,15,16,6.25
103163,1,18,19,5.26
201828,0,1,1,0.0
123486,0,1,1,0.0
145871,0,1,1,0.0
207454,0,1,1,0.0
205778,0,1,1,0.0
103189,0,1,1,0.0
146045,0,1,1,0.0
201754,0,1,1,0.0
146061,0,1,1,0.0
208769,0,1,1,0.0
146027,0,1,1,0.0
123767,0,1,1,0.0
132915,0,1,1,0.0
137232,0,1,1,0.0
134331,0,1,1,0.0
137100,0,1,1,0.0
114660,0,1,1,0.0
203761,0,1,1,0.0
201446,0,1,1,0.0
209975,0,1,1,0.0
144689,0,1,1,0.0
145149,0,1,1,0.0
108602,0,1,1,0.0
202117,0,1,1,0.0
136233,0,1,1,0.0
200637,0,1,1,0.0
136066,0,1,1,0.0
144600,0,1,1,0.0
144596,0,1,1,0.0
200327,0,1,1,0.0
201203,0,1,1,0.0
200370,0,1,1,0.0
200364,0,1,1,0.0
120787,0,1,1,0.0
117914,0,1,1,0.0
200385,0,1,1,0.0
115249,0,1,1,0.0
136505,0,1,1,0.0
123678,0,1,1,0.0
112647,0,1,1,0.0
203725,0,1,1,0.0
134214,0,1,1,0.0
144650,0,1,1,0.0
144647,0,1,1,0.0
136532,0,1,1,0.0
136531,0,1,1,0.0
132786,0,1,1,0.0
111260,0,1,1,0.0
201281,0,1,1,0.0
200640,0,1,1,0.0
208996,0,1,1,0.0
146213,0,1,1,0.0
144242,0,1,1,0.0
134735,0,1,1,0.0
205053,0,1,1,0.0
112249,0,1,1,0.0
202738,0,1,1,0.0
146023,0,1,1,0.0
203754,0,1,1,0.0
201776,0,1,1,0.0
134816,0,1,1,0.0
200042,0,1,1,0.0
132122,0,1,1,0.0
111514,0,1,1,0.0
204513,0,1,1,0.0
204292,0,1,1,0.0
211409,0,1,1,0.0
202988,0,1,1,0.0
124411,0,1,1,0.0
102680,0,1,1,0.0
132899,0,1,1,0.0
122713,0,1,1,0.0
136100,0,1,1,0.0
146305,0,1,1,0.0
117014,0,1,1,0.0
202486,0,1,1,0.0
204187,0,1,1,0.0
136766,0,1,1,0.0
145904,0,1,1,0.0
134776,0,1,1,0.0
211753,0,1,1,0.0
200655,0,1,1,0.0
200359,0,1,1,0.0
146228,0,1,1,0.0
202154,0,1,1,0.0
211201,0,1,1,0.0
202937,0,1,1,0.0
136144,0,1,1,0.0
136342,0,1,1,0.0
136169,0,1,1,0.0
203573,0,1,1,0.0
203584,0,1,1,0.0
146065,0,1,1,0.0
105678,0,1,1,0.0
133646,0,1,1,0.0
203757,0,1,1,0.0
203762,0,1,1,0.0
114662,0,1,1,0.0
203758,0,1,1,0.0
123790,0,1,1,0.0
203763,0,1,1,0.0
203755,0,1,1,0.0
203753,0,1,1,0.0
202641,0,1,1,0.0
202644,0,1,1,0.0
123791,0,1,1,0.0
146224,0,1,1,0.0
131724,0,1,1,0.0
121017,0,1,1,0.0
105508,0,1,1,0.0
204350,0,1,1,0.0
134613,0,1,1,0.0
210821,0,1,1,0.0
100642,0,1,1,0.0
137159,0,1,1,0.0
114667,0,1,1,0.0
131839,0,1,1,0.0
144068,0,1,1,0.0
123373,0,1,1,0.0
202467,0,1,1,0.0
145916,0,1,1,0.0
144498,0,1,1,0.0
132147,0,1,1,0.0
134088,0,1,1,0.0
112900,0,1,1,0.0
144657,0,1,1,0.0
132120,0,1,1,0.0
205931,0,1,1,0.0
208364,0,1,1,0.0
108246,0,1,1,0.0
112897,0,1,1,0.0
200409,0,1,1,0.0
143949,0,1,1,0.0
137491,0,1,1,0.0
116739,0,1,1,0.0
134973,0,1,1,0.0
123838,0,1,1,0.0
135294,0,1,1,0.0
137235,0,1,1,0.0
145598,0,1,1,0.0
124073,0,1,1,0.0
206326,0,1,1,0.0
206343,0,1,1,0.0
200883,0,1,1,0.0
132975,0,1,1,0.0
120885,0,1,1,0.0
200386,0,1,1,0.0
134958,0,1,1,0.0
207064,0,1,1,0.0
122154,0,1,1,0.0
106068,0,1,1,0.0
202456,0,1,1,0.0
133379,0,1,1,0.0
145409,0,1,1,0.0
146217,0,1,1,0.0
144510,0,1,1,0.0
133629,0,1,1,0.0
108667,0,1,1,0.0
131795,0,1,1,0.0
146167,0,1,1,0.0
112639,0,1,1,0.0
131813,0,1,1,0.0
134720,0,1,1,0.0
116779,0,1,1,0.0
111119,0,1,1,0.0
102367,0,1,1,0.0
146041,0,1,1,0.0
111498,0,1,1,0.0
134067,0,1,1,0.0
116763,0,1,1,0.0
122538,0,1,1,0.0
131906,0,1,1,0.0
144770,0,1,1,0.0
124063,0,1,1,0.0
136090,0,1,1,0.0
122246,0,1,1,0.0
123163,0,1,1,0.0
133013,0,1,1,0.0
134362,0,1,1,0.0
135290,0,1,1,0.0
205789,0,1,1,0.0
133837,0,1,1,0.0
146054,0,1,1,0.0
131852,0,1,1,0.0
137247,0,1,1,0.0
202802,0,1,1,0.0
200319,0,1,1,0.0
200408,0,1,1,0.0
133437,0,1,1,0.0
146081,0,1,1,0.0
133746,0,1,1,0.0
116699,0,1,1,0.0
137140,0,1,1,0.0
131876,0,1,1,0.0
131127,0,1,1,0.0
121882,0,1,1,0.0
131182,0,1,1,0.0
122013,0,1,1,0.0
134645,0,1,1,0.0
200406,0,1,1,0.0
119928,0,1,1,0.0
114563,0,1,1,0.0
124140,0,1,1,0.0
123845,0,1,1,0.0
202440,0,1,1,0.0
135404,0,1,1,0.0
132712,0,1,1,0.0
134121,0,1,1,0.0
208511,0,1,1,0.0
208363,0,1,1,0.0
146031,0,1,1,0.0
206350,0,1,1,0.0
104462,0,1,1,0.0
206351,0,1,1,0.0
121997,0,1,1,0.0
135401,0,1,1,0.0
200369,0,1,1,0.0
144778,0,1,1,0.0
136503,0,1,1,0.0
131473,0,1,1,0.0
145596,0,1,1,0.0
200363,0,1,1,0.0
133265,0,1,1,0.0
146071,0,1,1,0.0
200365,0,1,1,0.0
200410,0,1,1,0.0
145590,0,1,1,0.0
136348,0,1,1,0.0
200407,0,1,1,0.0
136631,0,1,1,0.0
121724,0,1,1,0.0
110879,0,1,1,0.0
109496,0,1,1,0.0
145110,0,1,1,0.0
201961,0,1,1,0.0
145156,0,1,1,0.0
201893,0,1,1,0.0
122421,0,1,1,0.0
201944,0,1,1,0.0
200212,0,1,1,0.0
143628,0,1,1,0.0
133377,0,1,1,0.0
200856,0,1,1,0.0
133823,0,1,1,0.0
132880,0,1,1,0.0
133051,0,1,1,0.0
145054,0,1,1,0.0
137185,0,1,1,0.0
135749,0,1,1,0.0
132616,0,1,1,0.0
117903,0,1,1,0.0
145960,0,1,1,0.0
134548,0,1,1,0.0
210322,0,1,1,0.0
136073,0,1,1,0.0
106917,0,1,1,0.0
200721,0,1,1,0.0
205022,0,1,1,0.0
113798,0,1,1,0.0
136284,0,1,1,0.0
202645,0,1,1,0.0
202752,0,1,1,0.0
212845,0,1,1,0.0
146090,0,1,1,0.0
134124,0,1,1,0.0
136429,0,1,1,0.0
137421,0,1,1,0.0
201897,0,1,1,0.0
134327,0,1,1,0.0
200073,0,1,1,0.0
110460,0,1,1,0.0
213549,0,1,1,0.0
205418,0,1,1,0.0
213145,0,1,1,0.0
132565,0,1,1,0.0
135789,0,1,1,0.0
121257,0,1,1,0.0
201949,0,1,1,0.0
105565,0,1,1,0.0
137068,0,1,1,0.0
201946,0,1,1,0.0
146024,0,1,1,0.0
134467,0,1,1,0.0
201945,0,1,1,0.0
124288,0,1,1,0.0
121249,0,1,1,0.0
201948,0,1,1,0.0
200093,0,1,1,0.0
200587,0,1,1,0.0
137704,0,1,1,0.0
201381,0,1,1,0.0
200298,0,1,1,0.0
145679,0,1,1,0.0
135265,0,1,1,0.0
136028,0,1,1,0.0
135495,0,1,1,0.0
206027,0,1,1,0.0
131196,0,1,1,0.0
124430,0,1,1,0.0
133287,0,1,1,0.0
114080,0,1,1,0.0
137357,0,1,1,0.0
200341,0,1,1,0.0
144718,0,1,1,0.0
203010,0,1,1,0.0
145212,0,1,1,0.0
133267,0,1,1,0.0
145208,0,1,1,0.0
200909,0,1,1,0.0
118108,0,1,1,0.0
121481,0,1,1,0.0
136365,0,1,1,0.0
145752,0,1,1,0.0
137253,0,1,1,0.0
203048,0,1,1,0.0
205863,0,1,1,0.0
205093,0,1,1,0.0
205984,0,1,1,0.0
203526,0,1,1,0.0
137200,0,1,1,0.0
145751,0,1,1,0.0
132229,0,1,1,0.0
136400,0,1,1,0.0
131227,0,1,1,0.0
122054,0,1,1,0.0
145908,0,1,1,0.0
132641,0,1,1,0.0
200016,0,1,1,0.0
135689,0,1,1,0.0
132792,0,1,1,0.0
123773,0,1,1,0.0
211982,0,1,1,0.0
201390,0,1,1,0.0
202057,0,1,1,0.0
204989,0,1,1,0.0
113136,0,1,1,0.0
133369,0,1,1,0.0
131962,0,1,1,0.0
114460,0,1,1,0.0
202016,0,1,1,0.0
204995,0,1,1,0.0
221834,0,1,1,0.0
103093,0,1,1,0.0
204996,0,1,1,0.0
112633,0,1,1,0.0
203052,0,1,1,0.0
144873,0,1,1,0.0
209843,0,1,1,0.0
211746,0,1,1,0.0
209138,0,1,1,0.0
211735,0,1,1,0.0
200600,0,1,1,0.0
211733,0,1,1,0.0
202147,0,1,1,0.0
200735,0,1,1,0.0
211750,0,1,1,0.0
211740,0,1,1,0.0
123787,0,1,1,0.0
115701,0,1,1,0.0
109064,0,1,1,0.0
124121,0,1,1,0.0
209631,0,1,1,0.0
202217,0,1,1,0.0
112952,0,1,1,0.0
117937,0,1,1,0.0
101247,0,1,1,0.0
204798,0,1,1,0.0
209433,0,1,1,0.0
209429,0,1,1,0.0
211781,0,1,1,0.0
211748,0,1,1,0.0
211747,0,1,1,0.0
200658,0,1,1,0.0
211763,0,1,1,0.0
201761,0,1,1,0.0
211710,0,1,1,0.0
209781,0,1,1,0.0
144067,0,1,1,0.0
146134,0,1,1,0.0
133533,0,1,1,0.0
120746,0,1,1,0.0
144965,0,1,1,0.0
145015,0,1,1,0.0
200571,0,1,1,0.0
116806,0,1,1,0.0
145467,0,1,1,0.0
105242,0,1,1,0.0
104192,0,1,1,0.0
120732,0,1,1,0.0
123784,0,1,1,0.0
146222,0,1,1,0.0
202374,0,1,1,0.0
202899,0,1,1,0.0
203076,0,1,1,0.0
135937,0,1,1,0.0
203064,0,1,1,0.0
205856,0,1,1,0.0
203065,0,1,1,0.0
211745,0,1,1,0.0
211655,0,1,1,0.0
211779,0,1,1,0.0
110409,0,1,1,0.0
200654,0,1,1,0.0
200657,0,1,1,0.0
211754,0,1,1,0.0
134981,0,1,1,0.0
212314,0,1,1,0.0
134873,0,1,1,0.0
209603,0,1,1,0.0
213376,0,1,1,0.0
122717,0,1,1,0.0
220525,0,1,1,0.0
123820,0,1,1,0.0
124143,0,1,1,0.0
135358,0,1,1,0.0
116863,0,1,1,0.0
144722,0,1,1,0.0
201797,0,1,1,0.0
200318,0,1,1,0.0
114689,0,1,1,0.0
213217,0,1,1,0.0
213185,0,1,1,0.0
124254,0,1,1,0.0
201943,0,1,1,0.0
121106,0,1,1,0.0
113351,0,1,1,0.0
134782,0,1,1,0.0
220489,0,1,1,0.0
114584,0,1,1,0.0
114389,0,1,1,0.0
102201,0,1,1,0.0
133387,0,1,1,0.0
212660,0,1,1,0.0
213477,0,1,1,0.0
220567,0,1,1,0.0
131408,0,1,1,0.0
131558,0,1,1,0.0
122647,0,1,1,0.0
124421,0,1,1,0.0
134690,0,1,1,0.0
200084,0,1,1,0.0
137602,0,1,1,0.0
202376,0,1,1,0.0
146169,0,1,1,0.0
122276,0,1,1,0.0
134256,0,1,1,0.0
107893,0,1,1,0.0
123000,0,1,1,0.0
207710,0,1,1,0.0
203531,0,1,1,0.0
134420,0,1,1,0.0
134769,0,1,1,0.0
123862,0,1,1,0.0
201777,0,1,1,0.0
135381,0,1,1,0.0
107762,0,1,1,0.0
136126,0,1,1,0.0
131589,0,1,1,0.0
117099,0,1,1,0.0
146048,0,1,1,0.0
134922,0,1,1,0.0
118094,0,1,1,0.0
111953,0,1,1,0.0
112054,0,1,1,0.0
115828,0,1,1,0.0
137624,0,4,4,0.0
113764,0,3,3,0.0
122650,0,3,3,0.0
144609,0,3,3,0.0
202900,0,3,3,0.0
145429,0,3,3,0.0
200756,0,3,3,0.0
135554,0,3,3,0.0
113943,0,3,3,0.0
136416,0,3,3,0.0
134471,0,3,3,0.0
203017,0,3,3,0.0
200294,0,3,3,0.0
135424,0,2,2,0.0
206679,0,3,3,0.0
202397,0,3,3,0.0
123140,0,3,3,0.0
145261,0,3,3,0.0
133423,0,3,3,0.0
133021,0,3,3,0.0
114162,0,3,3,0.0
205297,0,3,3,0.0
202172,0,3,3,0.0
119836,0,3,3,0.0
116724,0,3,3,0.0
205816,0,3,3,0.0
205850,0,3,3,0.0
123580,0,3,3,0.0
200345,0,3,3,0.0
113568,0,4,4,0.0
221733,0,4,4,0.0
203726,0,4,4,0.0
102427,0,4,4,0.0
145616,0,4,4,0.0
200070,0,4,4,0.0
137031,0,4,4,0.0
208992,0,4,4,0.0
137252,0,4,4,0.0
145525,0,4,4,0.0
134049,0,4,4,0.0
132059,0,4,4,0.0
200649,0,4,4,0.0
137249,0,3,3,0.0
221518,0,3,3,0.0
222176,0,3,3,0.0
145472,0,3,3,0.0
207009,0,3,3,0.0
132778,0,3,3,0.0
145874,0,3,3,0.0
134928,0,3,3,0.0
207458,0,3,3,0.0
135630,0,3,3,0.0
116742,0,3,3,0.0
137873,0,3,3,0.0
200029,0,3,3,0.0
131677,0,3,3,0.0
211452,0,3,3,0.0
145020,0,4,4,0.0
144777,0,3,3,0.0
120689,0,3,3,0.0
135760,0,3,3,0.0
200389,0,3,3,0.0
211165,0,3,3,0.0
123638,0,3,3,0.0
102671,0,3,3,0.0
113350,0,2,2,0.0
201311,0,3,3,0.0
201175,0,3,3,0.0
122973,0,3,3,0.0
204113,0,3,3,0.0
116677,0,3,3,0.0
137191,0,3,3,0.0
133163,0,3,3,0.0
122798,0,3,3,0.0
135826,0,3,3,0.0
145087,0,3,3,0.0
200354,0,3,3,0.0
133189,0,3,3,0.0
209332,0,3,3,0.0
144608,0,3,3,0.0
221210,0,3,3,0.0
145443,0,2,2,0.0
145298,0,2,2,0.0
145297,0,2,2,0.0
123071,0,2,2,0.0
201033,0,2,2,0.0
112302,0,3,3,0.0
122122,0,3,3,0.0
114429,0,3,3,0.0
133422,0,3,3,0.0
144010,0,3,3,0.0
131439,0,3,3,0.0
145489,0,3,3,0.0
102441,0,3,3,0.0
132445,0,3,3,0.0
204397,0,3,3,0.0
202095,0,3,3,0.0
202345,0,3,3,0.0
134836,0,3,3,0.0
205859,0,3,3,0.0
101879,0,3,3,0.0
136143,0,3,3,0.0
135106,0,3,3,0.0
122326,0,3,3,0.0
121097,0,3,3,0.0
200176,0,3,3,0.0
136401,0,3,3,0.0
119038,0,3,3,0.0
136146,0,3,3,0.0
211924,0,3,3,0.0
204921,0,3,3,0.0
203654,0,3,3,0.0
135912,0,3,3,0.0
101000,0,3,3,0.0
134001,0,3,3,0.0
205858,0,3,3,0.0
201369,0,1,1,0.0
221664,0,1,1,0.0
203031,0,1,1,0.0
222250,0,1,1,0.0
213334,0,1,1,0.0
206637,0,1,1,0.0
135988,0,1,1,0.0
123508,0,1,1,0.0
122852,0,1,1,0.0
132283,0,1,1,0.0
203008,0,1,1,0.0
134158,0,11,11,0.0
133314,0,12,12,0.0
134444,0,4,4,0.0
134604,0,1,1,0.0
131193,0,1,1,0.0
201097,0,1,1,0.0
136016,0,1,1,0.0
145776,0,1,1,0.0
145352,0,1,1,0.0
204811,0,1,1,0.0
222391,0,1,1,0.0
202502,0,7,7,0.0
200758,0,7,7,0.0
144668,0,7,7,0.0
135118,0,7,7,0.0
122179,0,7,7,0.0
136089,0,7,7,0.0
204499,0,14,14,0.0
145216,0,1,1,0.0
136338,0,1,1,0.0
145366,0,1,1,0.0
119470,0,1,1,0.0
201348,0,1,1,0.0
200603,0,1,1,0.0
203055,0,1,1,0.0
203045,0,1,1,0.0
205930,0,1,1,0.0
200561,0,1,1,0.0
134674,0,1,1,0.0
145677,0,1,1,0.0
136174,0,1,1,0.0
201384,0,1,1,0.0
131217,0,1,1,0.0
200647,0,1,1,0.0
208301,0,1,1,0.0
221535,0,1,1,0.0
122388,0,1,1,0.0
207874,0,1,1,0.0
131228,0,1,1,0.0
137633,0,1,1,0.0
200342,0,1,1,0.0
206646,0,1,1,0.0
206639,0,1,1,0.0
203009,0,1,1,0.0
145434,0,1,1,0.0
206647,0,1,1,0.0
100190,0,1,1,0.0
124059,0,4,4,0.0
122165,0,4,4,0.0
146154,0,4,4,0.0
123814,0,4,4,0.0
137305,0,4,4,0.0
146113,0,4,4,0.0
200861,0,5,5,0.0
206584,0,5,5,0.0
133427,0,5,5,0.0
135639,0,5,5,0.0
100329,0,5,5,0.0
122684,0,4,4,0.0
132918,0,4,4,0.0
137380,0,7,7,0.0
202877,0,4,4,0.0
145253,0,4,4,0.0
113232,0,4,4,0.0
202924,0,4,4,0.0
133722,0,4,4,0.0
202627,0,4,4,0.0
205257,0,4,4,0.0
118087,0,4,4,0.0
110989,0,4,4,0.0
134959,0,4,4,0.0
100196,0,4,4,0.0
201271,0,4,4,0.0
119376,0,4,4,0.0
114356,0,4,4,0.0
117977,0,4,4,0.0
133740,0,8,8,0.0
106208,0,8,8,0.0
124578,0,8,8,0.0
132462,0,10,10,0.0
134339,0,10,10,0.0
132953,0,10,10,0.0
134176,0,10,10,0.0
113197,0,10,10,0.0
134567,0,11,11,0.0
118523,0,5,5,0.0
120157,0,5,5,0.0
137561,0,5,5,0.0
222286,0,5,5,0.0
133398,0,5,5,0.0
134991,0,4,4,0.0
135872,0,6,6,0.0
137709,0,6,6,0.0
200393,0,6,6,0.0
136566,0,6,6,0.0
107658,0,6,6,0.0
146122,0,6,6,0.0
204351,0,6,6,0.0
201289,0,6,6,0.0
120765,0,6,6,0.0
131132,0,7,7,0.0
135385,0,4,4,0.0
132023,0,4,4,0.0
119025,0,4,4,0.0
205262,0,4,4,0.0
145540,0,6,6,0.0
203020,0,2,2,0.0
203018,0,2,2,0.0
117471,0,2,2,0.0
135053,0,2,2,0.0
137275,0,2,2,0.0
202245,0,2,2,0.0
206472,0,2,2,0.0
146307,0,2,2,0.0
136190,0,2,2,0.0
121953,0,2,2,0.0
135535,0,2,2,0.0
221753,0,2,2,0.0
202341,0,2,2,0.0
200667,0,2,2,0.0
132760,0,2,2,0.0
135514,0,2,2,0.0
146057,0,2,2,0.0
123766,0,2,2,0.0
114024,0,2,2,0.0
101480,0,2,2,0.0
145868,0,2,2,0.0
101168,0,2,2,0.0
116709,0,2,2,0.0
200814,0,2,2,0.0
223297,0,2,2,0.0
201411,0,2,2,0.0
202220,0,2,2,0.0
145866,0,2,2,0.0
145559,0,2,2,0.0
123391,0,2,2,0.0
208989,0,2,2,0.0
123390,0,2,2,0.0
117883,0,2,2,0.0
123129,0,2,2,0.0
208869,0,2,2,0.0
134080,0,2,2,0.0
200391,0,2,2,0.0
145649,0,2,2,0.0
121871,0,2,2,0.0
122677,0,2,2,0.0
137352,0,2,2,0.0
208988,0,2,2,0.0
221607,0,2,2,0.0
118096,0,2,2,0.0
132603,0,2,2,0.0
120650,0,2,2,0.0
137487,0,2,2,0.0
205994,0,2,2,0.0
203306,0,2,2,0.0
220717,0,2,2,0.0
134970,0,2,2,0.0
116733,0,2,2,0.0
200304,0,2,2,0.0
134115,0,2,2,0.0
201437,0,2,2,0.0
132908,0,2,2,0.0
136311,0,2,2,0.0
207044,0,2,2,0.0
201787,0,1,1,0.0
135305,0,1,1,0.0
203527,0,1,1,0.0
207486,0,1,1,0.0
135170,0,1,1,0.0
123568,0,1,1,0.0
144659,0,1,1,0.0
137202,0,1,1,0.0
105008,0,1,1,0.0
134200,0,1,1,0.0
108826,0,1,1,0.0
143679,0,1,1,0.0
124132,0,1,1,0.0
144102,0,2,2,0.0
205937,0,1,1,0.0
146168,0,1,1,0.0
206381,0,1,1,0.0
145487,0,1,1,0.0
206094,0,1,1,0.0
137625,0,1,1,0.0
117893,0,1,1,0.0
122460,0,1,1,0.0
100534,0,1,1,0.0
133776,0,1,1,0.0
131460,0,1,1,0.0
200414,0,1,1,0.0
222365,0,1,1,0.0
200072,0,1,1,0.0
119047,0,1,1,0.0
145290,0,2,2,0.0
144061,0,2,2,0.0
200456,0,2,2,0.0
118694,0,2,2,0.0
145571,0,2,2,0.0
200199,0,2,2,0.0
113894,0,2,2,0.0
143947,0,2,2,0.0
207008,0,2,2,0.0
202262,0,2,2,0.0
134714,0,2,2,0.0
114020,0,1,1,0.0
221863,0,2,2,0.0
204291,0,1,1,0.0
117842,0,2,2,0.0
134258,0,2,2,0.0
135041,0,2,2,0.0
134211,0,2,2,0.0
133889,0,2,2,0.0
106366,0,2,2,0.0
145852,0,2,2,0.0
201866,0,2,2,0.0
201408,0,2,2,0.0
201389,0,2,2,0.0
137046,0,2,2,0.0
201228,0,2,2,0.0
203560,0,2,2,0.0
137846,0,1,1,0.0
200360,0,2,2,0.0
116424,0,2,2,0.0
124403,0,2,2,0.0
201279,0,2,2,0.0
200977,0,2,2,0.0
103182,0,2,2,0.0
111882,0,2,2,0.0
137658,0,2,2,0.0
133647,0,2,2,0.0
202383,0,2,2,0.0
202381,0,2,2,0.0
201890,0,2,2,0.0
143735,0,2,2,0.0
220411,0,2,2,0.0
208905,0,2,2,0.0
134900,0,2,2,0.0
135511,0,2,2,0.0
123385,0,2,2,0.0
146089,0,2,2,0.0
204515,0,2,2,0.0
220604,0,2,2,0.0
118802,0,2,2,0.0
133933,0,2,2,0.0
132350,0,2,2,0.0
137097,0,2,2,0.0
143743,0,2,2,0.0
208509,0,2,2,0.0
204948,0,2,2,0.0
135546,0,2,2,0.0
204074,0,2,2,0.0
203686,0,2,2,0.0
124566,0,2,2,0.0
135473,0,2,2,0.0
102983,0,2,2,0.0
106913,0,2,2,0.0
123090,0,2,2,0.0
134627,0,2,2,0.0
201409,0,2,2,0.0
114784,0,2,2,0.0
144795,0,2,2,0.0
220410,0,2,2,0.0
137796,0,2,2,0.0
136402,0,2,2,0.0
145459,0,2,2,0.0
132221,0,2,2,0.0
131126,0,2,2,0.0
114665,0,2,2,0.0
210501,0,2,2,0.0
135310,0,2,2,0.0
145171,0,2,2,0.0
134972,0,2,2,0.0
124041,0,2,2,0.0
134097,0,2,2,0.0
146287,0,2,2,0.0
137881,0,2,2,0.0
114664,0,2,2,0.0
112956,0,2,2,0.0
106200,0,2,2,0.0
133403,0,2,2,0.0
115754,0,2,2,0.0
131892,0,2,2,0.0
135982,0,2,2,0.0
113442,0,2,2,0.0
135366,0,2,2,0.0
133734,0,2,2,0.0
122155,0,2,2,0.0
134837,0,2,2,0.0
205801,0,2,2,0.0
209711,0,2,2,0.0
122956,0,2,2,0.0
106320,0,2,2,0.0
201914,0,2,2,0.0
114733,0,2,2,0.0
131475,0,2,2,0.0
144653,0,2,2,0.0
202957,0,2,2,0.0
113559,0,2,2,0.0
203457,0,2,2,0.0
114347,0,2,2,0.0
133321,0,2,2,0.0
134893,0,2,2,0.0
200642,0,2,2,0.0
135984,0,2,2,0.0
122643,0,2,2,0.0
136499,0,2,2,0.0
134974,0,2,2,0.0
137351,0,2,2,0.0
134000,0,2,2,0.0
108276,0,2,2,0.0
221989,0,2,2,0.0
204949,0,2,2,0.0
144702,0,2,2,0.0
136388,0,2,2,0.0
131045,0,2,2,0.0
146146,0,2,2,0.0
200332,0,2,2,0.0
207488,0,2,2,0.0
105310,0,2,2,0.0
207490,0,2,2,0.0
123233,0,2,2,0.0
204052,0,1,1,0.0
145542,0,2,2,0.0
114167,0,2,2,0.0
204073,0,2,2,0.0
200586,0,2,2,0.0
133557,0,2,2,0.0
221906,0,2,2,0.0
137612,0,2,2,0.0
220606,0,2,2,0.0
114005,0,2,2,0.0
120560,0,2,2,0.0
133499,0,2,2,0.0
202375,0,2,2,0.0
133999,0,2,2,0.0
134329,0,2,2,0.0
206604,0,2,2,0.0
131899,0,2,2,0.0
133606,0,2,2,0.0
